[
  {
    "doctype": "Workspace",
    "name": "SPC Dashboard",
    "label": "SPC Dashboard",
    "module": "core_spc",
    "is_standard": 1,
    "public": 1,
    "title": "SPC Dashboard",
    "cards": [
      {
        "label": "SPC Overview",
        "type": "Custom",
        "custom_html": "<div>SPC Dashboard Content</div>"
      }
    ],
    "shortcuts": [
      {
        "type": "DocType",
        "link_to": "SPC Control Chart",
        "label": "Control Charts",
        "doctype": "Workspace Shortcut"
      },
      {
        "type": "DocType",
        "link_to": "SPC Report",
        "label": "SPC Reports",
        "doctype": "Workspace Shortcut"
      }
    ],
    "content": "[{\"type\": \"header\", \"data\": {\"text\": \"SPC Dashboard\", \"level\": 1}}, {\"type\": \"paragraph\", \"data\": {\"text\": \"Statistical Process Control Dashboard for monitoring manufacturing processes.\"}}]",
    "sequence_id": 1
  },
  {
    "doctype": "Workspace",
    "name": "SPC Quality Management",
    "label": "SPC Quality",
    "module": "spc_quality_management",
    "is_standard": 1,
    "public": 1,
    "title": "SPC Quality Management",
    "cards": [
      {
        "label": "Quality Overview",
        "type": "Custom",
        "custom_html": "<div>Quality Management Content</div>"
      }
    ],
    "shortcuts": [
      {
        "type": "DocType",
        "link_to": "SPC Alert",
        "label": "Alerts",
        "doctype": "Workspace Shortcut"
      },
      {
        "type": "DocType",
        "link_to": "SPC Corrective Action",
        "label": "Corrective Actions",
        "doctype": "Workspace Shortcut"
      }
    ],
    "content": "[{\"type\": \"header\", \"data\": {\"text\": \"SPC Quality Management\", \"level\": 1}}, {\"type\": \"paragraph\", \"data\": {\"text\": \"Quality management tools for SPC alerts and corrective actions.\"}}]",
    "sequence_id": 1
  },
  {
    "doctype": "Workspace",
    "name": "Manufacturing Control",
    "label": "Manufacturing",
    "module": "sfc_manufacturing",
    "is_standard": 1,
    "public": 1,
    "title": "Manufacturing Control",
    "cards": [
      {
        "label": "Manufacturing Overview",
        "type": "Custom",
        "custom_html": "<div>Manufacturing Control Content</div>"
      }
    ],
    "shortcuts": [
      {
        "type": "DocType",
        "link_to": "Batch AMB",
        "label": "Batches",
        "doctype": "Workspace Shortcut"
      },
      {
        "type": "DocType",
        "link_to": "Work Order Routing",
        "label": "Work Orders",
        "doctype": "Workspace Shortcut"
      }
    ],
    "content": "[{\"type\": \"header\", \"data\": {\"text\": \"Manufacturing Control\", \"level\": 1}}, {\"type\": \"paragraph\", \"data\": {\"text\": \"Shop floor control and manufacturing operations management.\"}}]",
    "sequence_id": 1
  }
]